,number_of_tweets,time
0,1000,0.04387521743774414
1,2000,0.14162588119506836
2,4000,1.2596051692962646
3,8000,2.7318878173828125
4,16000,1.5887510776519775
5,32000,3.8342647552490234
6,64000,14.126312255859375
7,128000,42.44559717178345
8,256000,2044.1502013206482
